OCCRNC_YEAR,OCCRNC_MM,OCCRNC_AREA,OCCRNC_CNT,PATNT_CNT
2026,02,서울,6,87
2026,02,강원,2,26
2026,02,충남,1,30
2026,02,전북,1,77
2026,02,경북,4,51
2026,02,경남,5,26
2026,02,부산,3,7
2026,02,대구,1,5
2026,02,인천,2,52
2026,02,울산,3,30
2026,02,세종,1,16
2026,02,경기,6,59
2026,01,서울,13,81
2026,01,강원,2,9
2026,01,충북,5,56
2026,01,충남,2,8
2026,01,전북,1,20
2026,01,전남,4,33
2026,01,경북,5,76
2026,01,경남,8,51
2026,01,제주,3,40
2026,01,부산,2,19
2026,01,대구,3,31
2026,01,인천,3,92
2026,01,광주,1,4
2026,01,대전,1,4
2026,01,울산,1,35
2026,01,경기,20,197
2025,12,서울,1,10
2025,12,강원,2,86
2025,12,충북,1,60
2025,12,충남,1,2
2025,12,전북,1,36
2025,12,전남,1,5
2025,12,경북,2,38
2025,12,제주,1,2
2025,12,부산,3,55
2025,12,울산,1,32
2025,12,세종,1,5
2025,12,경기,7,238
2025,11,서울,1,9
2025,11,강원,1,6
2025,11,충북,1,24
2025,11,충남,1,5
2025,11,전북,1,23
2025,11,전남,3,25
2025,11,부산,3,17
2025,11,대구,1,5
2025,11,대전,1,30
2025,11,세종,3,24
2025,11,경기,2,15
2025,10,서울,1,14
2025,10,전남,4,92
2025,10,경북,1,5
2025,10,경남,1,90
2025,10,제주,5,55
2025,10,부산,4,240
2025,10,울산,1,2
2025,10,경기,6,91
2025,09,서울,5,169
2025,09,충북,2,147
2025,09,충남,2,9
2025,09,전북,2,132
2025,09,전남,2,5
2025,09,경북,4,71
2025,09,경남,6,152
2025,09,제주,2,74
2025,09,부산,4,141
2025,09,대구,2,44
2025,09,인천,3,267
2025,09,광주,1,37
2025,09,대전,2,44
2025,09,경기,8,138
2025,08,서울,5,111
2025,08,강원,4,18
2025,08,충북,2,11
2025,08,충남,2,34
2025,08,전북,1,13
2025,08,전남,3,33
2025,08,경북,1,5
2025,08,경남,5,131
2025,08,제주,3,7
2025,08,부산,2,64
2025,08,인천,3,62
2025,08,광주,1,2
2025,08,대전,1,810
2025,08,경기,8,153
2025,07,서울,4,421
2025,07,강원,1,3
2025,07,충북,2,38
2025,07,충남,4,63
2025,07,전남,3,36
2025,07,경북,2,15
2025,07,경남,2,7
2025,07,제주,2,30
2025,07,부산,5,98
2025,07,대구,1,4
2025,07,인천,3,53
2025,07,광주,1,66
2025,07,대전,1,99
2025,07,경기,6,171
2025,06,서울,1,88
2025,06,충북,2,110
2025,06,충남,3,147
2025,06,전북,5,132
2025,06,전남,2,20
2025,06,경북,4,27
2025,06,경남,1,279
2025,06,제주,2,50
2025,06,부산,1,3
2025,06,대구,2,72
2025,06,인천,1,3
2025,06,대전,1,3
2025,06,울산,1,6
2025,06,경기,2,36
2025,05,서울,4,194
2025,05,강원,2,159
2025,05,충북,1,152
2025,05,충남,2,11
2025,05,전북,2,55
2025,05,전남,3,92
2025,05,경북,1,8
2025,05,경남,2,36
2025,05,제주,1,4
2025,05,부산,1,91
2025,05,대구,1,26
2025,05,경기,5,466
2025,04,서울,2,192
2025,04,충북,1,4
2025,04,충남,1,141
2025,04,전북,1,2
2025,04,전남,1,10
2025,04,경북,2,38
2025,04,경남,2,12
2025,04,부산,2,44
2025,04,대구,1,5
2025,04,인천,1,16
2025,04,경기,3,85
2025,03,서울,3,51
2025,03,강원,2,85
2025,03,충남,2,24
2025,03,전남,1,46
2025,03,경남,2,52
2025,03,제주,1,91
2025,03,부산,4,50
2025,03,대구,1,20
2025,03,울산,1,6
2025,03,경기,2,67
2025,02,서울,3,32
2025,02,강원,3,73
2025,02,충북,2,38
2025,02,충남,1,7
2025,02,경북,1,6
2025,02,경남,1,7
2025,02,제주,1,4
2025,02,부산,1,102
2025,02,대구,2,110
2025,02,경기,2,87
2025,01,서울,7,167
2025,01,충북,3,8
2025,01,충남,1,25
2025,01,경북,2,4
2025,01,경남,3,13
2025,01,부산,9,84
2025,01,대구,2,42
2025,01,울산,2,16
2025,01,경기,3,147
2024,12,서울,1,16
2024,12,충남,4,20
2024,12,전북,1,6
2024,12,경북,3,46
2024,12,경남,1,17
2024,12,제주,1,5
2024,12,부산,4,51
2024,12,대구,1,15
2024,12,광주,2,122
2024,12,경기,3,31
2024,11,서울,3,41
2024,11,강원,1,3
2024,11,충남,3,12
2024,11,전북,1,12
2024,11,경북,1,4
2024,11,부산,2,32
2024,11,대구,1,86
2024,11,광주,1,12
2024,11,경기,1,69
2024,10,서울,5,226
2024,10,충남,1,10
2024,10,전북,1,26
2024,10,전남,2,29
2024,10,경북,1,10
2024,10,경남,1,22
2024,10,제주,2,9
2024,10,대구,1,2
2024,10,인천,1,57
2024,10,대전,1,3
2024,10,세종,1,4
2024,10,경기,2,138
2024,09,서울,1,6
2024,09,강원,3,169
2024,09,충북,2,21
2024,09,충남,1,4
2024,09,전북,1,2
2024,09,전남,2,6
2024,09,경북,2,9
2024,09,경남,3,31
2024,09,제주,1,4
2024,09,불명,2,23
2024,09,부산,2,85
2024,09,대구,1,7
2024,09,인천,1,48
2024,09,광주,1,118
2024,09,경기,9,288
2024,08,서울,4,134
2024,08,강원,1,7
2024,08,충북,2,5
2024,08,충남,1,4
2024,08,전북,1,44
2024,08,경북,1,3
2024,08,경남,8,173
2024,08,불명,1,4
2024,08,부산,3,22
2024,08,광주,1,30
2024,08,대전,2,41
2024,08,울산,1,3
2024,08,경기,5,722
2024,07,서울,6,66
2024,07,강원,1,33
2024,07,충북,2,113
2024,07,충남,3,28
2024,07,전북,2,870
2024,07,전남,2,23
2024,07,경북,2,83
2024,07,경남,2,90
2024,07,제주,4,14
2024,07,부산,4,62
2024,07,대구,1,24
2024,07,광주,2,31
2024,07,울산,1,13
2024,07,경기,8,343
2024,06,서울,1,6
2024,06,강원,2,35
2024,06,충북,1,56
2024,06,충남,1,12
2024,06,전북,3,18
2024,06,전남,3,32
2024,06,경남,4,173
2024,06,제주,1,4
2024,06,부산,1,3
2024,06,대구,2,8
2024,06,세종,2,32
2024,06,경기,2,70
2024,05,서울,2,24
2024,05,강원,1,4
2024,05,충북,2,47
2024,05,충남,3,15
2024,05,전북,2,81
2024,05,전남,2,9
2024,05,경북,4,78
2024,05,경남,2,35
2024,05,제주,1,5
2024,05,불명,1,120
2024,05,부산,3,58
2024,05,대전,1,18
2024,05,경기,1,16
2024,04,서울,2,151
2024,04,충북,2,33
2024,04,충남,2,68
2024,04,전북,2,127
2024,04,경북,1,5
2024,04,경남,3,158
2024,04,제주,2,155
2024,04,부산,3,105
2024,04,울산,1,15
2024,04,경기,4,70
2024,03,서울,1,100
2024,03,강원,1,3
2024,03,경북,2,27
2024,03,제주,1,3
2024,03,불명,1,82
2024,03,부산,1,153
2024,03,대구,1,43
2024,03,광주,1,2
2024,03,대전,1,2
2024,03,경기,1,38
2024,02,충북,2,25
2024,02,전북,1,30
2024,02,전남,1,4
2024,02,경남,1,5
2024,02,불명,1,3
2024,02,부산,1,2
2024,01,서울,1,25
2024,01,강원,1,22
2024,01,충북,2,29
2024,01,전북,1,7
2024,01,경북,1,5
2024,01,경남,2,8
2024,01,제주,2,4
2024,01,불명,2,8
2024,01,부산,5,76
2024,01,대구,2,17
2024,01,경기,1,113
2023,12,서울,4,221
2023,12,충북,1,3
2023,12,충남,1,9
2023,12,전북,2,20
2023,12,경북,2,9
2023,12,경남,2,11
2023,12,부산,2,24
2023,12,대전,2,4
2023,12,경기,3,14
2023,11,서울,1,58
2023,11,강원,3,12
2023,11,전북,1,5
2023,11,전남,2,72
2023,11,경북,2,111
2023,11,경남,3,32
2023,11,제주,1,12
2023,11,부산,2,5
2023,11,인천,1,26
2023,11,광주,1,19
2023,11,대전,1,6
2023,11,경기,1,89
2023,10,서울,2,59
2023,10,강원,5,36
2023,10,충북,2,264
2023,10,충남,1,32
2023,10,전남,2,49
2023,10,경북,2,21
2023,10,경남,4,89
2023,10,제주,2,17
2023,10,부산,5,102
2023,10,인천,1,18
2023,10,광주,1,7
2023,10,울산,2,41
2023,09,서울,2,115
2023,09,강원,4,152
2023,09,충남,2,15
2023,09,전북,1,107
2023,09,전남,2,34
2023,09,경북,2,18
2023,09,경남,3,30
2023,09,제주,2,4
2023,09,부산,9,161
2023,09,대구,2,156
2023,09,인천,3,28
2023,09,광주,2,498
2023,09,대전,1,2
2023,09,울산,1,22
2023,09,경기,7,248
2023,08,서울,4,392
2023,08,강원,3,24
2023,08,충북,2,80
2023,08,충남,3,104
2023,08,전북,1,28
2023,08,전남,1,6
2023,08,경북,3,22
2023,08,경남,3,35
2023,08,제주,2,44
2023,08,부산,6,158
2023,08,대구,2,40
2023,08,세종,1,2
2023,08,경기,6,42
2023,07,서울,1,6
2023,07,강원,4,201
2023,07,충북,3,62
2023,07,충남,1,40
2023,07,전북,2,80
2023,07,전남,1,4
2023,07,경북,3,26
2023,07,경남,6,56
2023,07,제주,1,2
2023,07,부산,7,291
2023,07,대구,1,16
2023,07,인천,1,8
2023,07,광주,1,25
2023,07,울산,1,27
2023,07,세종,1,2
2023,07,경기,7,717
2023,06,서울,3,119
2023,06,강원,4,19
2023,06,충북,1,6
2023,06,충남,2,37
2023,06,전북,2,7
2023,06,전남,1,8
2023,06,경북,2,15
2023,06,경남,3,19
2023,06,제주,1,2
2023,06,불명,1,15
2023,06,부산,2,26
2023,06,인천,3,47
2023,06,광주,1,44
2023,06,경기,4,39
2023,05,서울,3,134
2023,05,강원,2,11
2023,05,충북,2,9
2023,05,충남,5,109
2023,05,전북,1,3
2023,05,경남,2,68
2023,05,불명,1,4
2023,05,부산,3,8
2023,05,대구,1,5
2023,05,울산,1,18
2023,05,경기,7,385
2023,04,서울,3,177
2023,04,강원,3,9
2023,04,충북,1,4
2023,04,충남,2,29
2023,04,경북,2,15
2023,04,경남,5,73
2023,04,불명,1,23
2023,04,부산,4,14
2023,04,인천,1,4
2023,04,광주,1,296
2023,04,울산,1,33
2023,04,경기,4,121
2023,03,서울,4,196
2023,03,강원,5,15
2023,03,충북,1,3
2023,03,충남,1,113
2023,03,전북,3,32
2023,03,경남,1,18
2023,03,불명,6,62
2023,03,부산,4,12
2023,03,인천,1,2
2023,03,광주,1,2
2023,03,경기,3,59
2023,02,서울,2,21
2023,02,강원,1,2
2023,02,충북,1,4
2023,02,충남,5,56
2023,02,전북,1,15
2023,02,경남,1,3
2023,02,불명,3,31
2023,02,부산,2,11
2023,02,대구,3,40
2023,02,인천,1,4
2023,02,광주,1,6
2023,02,경기,3,73
2023,01,서울,1,37
2023,01,강원,2,23
2023,01,충북,2,84
2023,01,충남,3,8
2023,01,전북,2,21
2023,01,전남,2,8
2023,01,경북,2,9
2023,01,경남,1,2
2023,01,부산,4,10
2023,01,대구,3,119
2023,01,인천,2,43
2023,01,광주,1,4
2023,01,대전,1,5
2023,01,경기,5,54
2022,12,서울,4,62
2022,12,충북,1,15
2022,12,충남,4,40
2022,12,전북,1,14
2022,12,전남,1,3
2022,12,경북,1,52
2022,12,경남,1,12
2022,12,부산,5,96
2022,12,대구,2,11
2022,12,인천,1,32
2022,12,대전,2,6
2022,12,경기,8,99
2022,11,서울,7,106
2022,11,충북,2,16
2022,11,충남,6,36
2022,11,전북,1,4
2022,11,전남,1,2
2022,11,경남,2,77
2022,11,부산,2,21
2022,11,대구,1,7
2022,11,경기,4,43
2022,10,서울,6,104
2022,10,강원,1,3
2022,10,충북,1,2
2022,10,전북,2,58
2022,10,전남,1,4
2022,10,경북,3,45
2022,10,경남,2,29
2022,10,제주,2,13
2022,10,부산,1,81
2022,10,대구,1,4
2022,10,경기,2,93
2022,09,서울,2,10
2022,09,강원,5,77
2022,09,충북,2,10
2022,09,전남,4,43
2022,09,경북,2,12
2022,09,경남,1,11
2022,09,제주,2,29
2022,09,불명,1,55
2022,09,부산,5,239
2022,09,대구,1,27
2022,09,인천,1,2
2022,09,경기,3,63
2022,08,서울,6,35
2022,08,충북,2,6
2022,08,충남,2,22
2022,08,전남,1,6
2022,08,경북,2,14
2022,08,경남,3,10
2022,08,불명,2,10
2022,08,부산,7,78
2022,08,대구,1,66
2022,08,세종,1,4
2022,08,경기,4,287
2022,07,서울,6,37
2022,07,강원,3,19
2022,07,충남,1,2
2022,07,전북,4,15
2022,07,전남,2,8
2022,07,경북,2,15
2022,07,경남,7,89
2022,07,제주,1,13
2022,07,불명,4,23
2022,07,부산,5,104
2022,07,대구,5,66
2022,07,인천,4,174
2022,07,광주,2,5
2022,07,대전,1,4
2022,07,울산,2,10
2022,07,경기,8,68
2022,06,서울,7,152
2022,06,강원,1,3
2022,06,충북,1,5
2022,06,충남,2,27
2022,06,전남,2,10
2022,06,경북,4,93
2022,06,경남,6,108
2022,06,제주,7,44
2022,06,부산,4,467
2022,06,대전,1,5
2022,06,경기,7,129
2022,05,서울,2,26
2022,05,충북,1,41
2022,05,충남,3,141
2022,05,전북,3,79
2022,05,경북,2,15
2022,05,경남,3,38
2022,05,제주,1,34
2022,05,부산,3,16
2022,05,대구,3,10
2022,05,인천,1,2
2022,05,광주,2,16
2022,05,경기,6,239
2022,04,서울,4,50
2022,04,충북,1,3
2022,04,충남,2,4
2022,04,경남,1,3
2022,04,제주,1,74
2022,04,부산,1,6
2022,04,경기,2,8
2022,03,강원,1,5
2022,03,전남,1,5
2022,03,부산,6,98
2022,03,대구,1,115
2022,03,대전,1,125
2022,03,울산,1,5
2022,03,경기,2,69
2022,02,서울,1,6
2022,02,충북,1,2
2022,02,충남,1,11
2022,02,제주,1,24
2022,02,광주,1,16
2022,02,대전,1,51
2022,02,경기,2,24
2022,01,서울,2,70
2022,01,충남,1,2
2022,01,경북,2,9
2022,01,불명,1,2
2022,01,부산,1,2
2022,01,광주,1,3
2022,01,대전,1,39
2022,01,경기,1,12
2021,12,서울,2,53
2021,12,강원,2,150
2021,12,충북,1,2
2021,12,충남,1,30
2021,12,전북,1,25
2021,12,경북,2,46
2021,12,경남,1,10
2021,12,부산,2,5
2021,12,인천,1,16
2021,12,광주,1,3
2021,12,대전,2,5
2021,11,서울,3,20
2021,11,충북,1,30
2021,11,충남,1,16
2021,11,전북,1,24
2021,11,전남,3,26
2021,11,경남,1,4
2021,11,부산,2,6
2021,11,인천,1,14
2021,11,경기,1,2
2021,10,충북,2,118
2021,10,충남,1,2
2021,10,전북,1,17
2021,10,전남,2,44
2021,10,부산,2,7
2021,10,경기,3,34
2021,09,충북,2,5
2021,09,충남,1,9
2021,09,전남,2,15
2021,09,경북,3,22
2021,09,경남,3,134
2021,09,제주,1,19
2021,09,부산,4,22
2021,09,인천,1,29
2021,09,광주,1,4
2021,09,경기,5,76
2021,08,서울,5,154
2021,08,강원,2,59
2021,08,충북,8,83
2021,08,충남,3,56
2021,08,전북,1,3
2021,08,경북,4,29
2021,08,경남,2,28
2021,08,제주,1,3
2021,08,불명,1,2
2021,08,부산,5,91
2021,08,대구,1,29
2021,08,광주,3,14
2021,08,경기,10,327
2021,07,서울,1,8
2021,07,강원,1,3
2021,07,충북,3,24
2021,07,충남,2,118
2021,07,전남,2,9
2021,07,경북,1,3
2021,07,경남,2,61
2021,07,제주,1,2
2021,07,부산,5,595
2021,07,대구,2,33
2021,07,광주,1,16
2021,07,경기,7,421
2021,06,서울,5,58
2021,06,강원,3,26
2021,06,충북,2,6
2021,06,충남,2,18
2021,06,전북,1,6
2021,06,전남,1,42
2021,06,경북,1,4
2021,06,경남,1,11
2021,06,부산,2,46
2021,06,대구,1,63
2021,06,인천,1,15
2021,06,울산,1,5
2021,06,경기,3,43
2021,05,서울,2,10
2021,05,강원,1,3
2021,05,충북,2,35
2021,05,전북,1,12
2021,05,전남,2,8
2021,05,경북,1,4
2021,05,제주,1,6
2021,05,부산,2,43
2021,05,대구,1,15
2021,05,광주,1,4
2021,05,경기,4,54
2021,04,서울,3,178
2021,04,강원,1,6
2021,04,충남,4,14
2021,04,경북,1,2
2021,04,경남,3,45
2021,04,제주,2,6
2021,04,부산,2,29
2021,04,대구,1,79
2021,04,인천,1,25
2021,04,광주,2,5
2021,04,경기,4,28
2021,03,서울,3,62
2021,03,강원,3,11
2021,03,충남,1,46
2021,03,전북,2,16
2021,03,전남,1,1
2021,03,경남,2,11
2021,03,제주,2,17
2021,03,불명,1,2
2021,03,부산,2,51
2021,03,대전,2,7
2021,03,세종,1,110
2021,03,경기,1,67
2021,02,서울,1,8
2021,02,강원,3,12
2021,02,충남,2,193
2021,02,경남,1,3
2021,02,부산,1,21
2021,02,광주,1,2
2021,02,경기,2,59
2021,01,서울,1,30
2021,01,충북,1,9
2021,01,충남,1,6
2021,01,경북,1,19
2021,01,경남,1,28
2021,01,광주,1,2
2021,01,세종,1,148
2021,01,경기,2,50
2020,12,서울,1,12
2020,12,대구,1,3
2020,12,대전,2,46
2020,12,경기,3,17
2020,11,강원,1,10
2020,11,충북,1,2
2020,11,충남,1,19
2020,11,제주,1,2
2020,11,부산,1,117
2020,11,광주,1,15
2020,11,경기,4,87
2020,10,서울,1,6
2020,10,강원,1,19
2020,10,전북,1,2
2020,10,전남,1,6
2020,10,경북,1,100
2020,10,경남,1,6
2020,10,제주,1,10
2020,10,부산,1,9
2020,10,대구,1,7
2020,10,경기,2,6
2020,09,강원,1,4
2020,09,충북,3,23
2020,09,전북,2,11
2020,09,경남,1,3
2020,09,부산,1,4
2020,09,대구,2,33
2020,09,인천,1,4
2020,09,광주,3,45
2020,09,경기,2,30
2020,08,서울,2,51
2020,08,강원,2,24
2020,08,경북,1,14
2020,08,경남,2,6
2020,08,제주,1,6
2020,08,부산,4,19
2020,08,대구,2,16
2020,08,인천,1,3
2020,08,울산,1,10
2020,08,경기,2,11
2020,07,서울,3,124
2020,07,강원,1,3
2020,07,충북,1,6
2020,07,전북,1,13
2020,07,전남,1,2
2020,07,경북,4,77
2020,07,경남,2,96
2020,07,제주,3,15
2020,07,부산,3,44
2020,07,인천,1,104
2020,07,광주,1,10
2020,07,대전,1,6
2020,07,울산,1,4
2020,07,경기,7,184
2020,06,서울,2,7
2020,06,충북,1,39
2020,06,충남,1,94
2020,06,전남,5,68
2020,06,제주,1,89
2020,06,부산,4,48
2020,06,대구,1,3
2020,06,인천,1,17
2020,06,울산,1,16
2020,06,경기,2,107
2020,05,전북,1,5
2020,05,전남,1,3
2020,05,경남,1,3
2020,05,부산,1,2
2020,05,경기,1,6
2020,04,서울,1,5
2020,04,충북,2,83
2020,04,경북,3,14
2020,04,경남,1,4
2020,04,경기,1,6
2020,03,충북,1,4
2020,03,경기,2,113
2020,02,전남,1,9
2020,02,경북,2,9
2020,02,세종,1,6
2020,02,경기,5,51
2020,01,서울,3,9
2020,01,충북,2,10
2020,01,전북,5,32
2020,01,전남,1,6
2020,01,경북,2,5
2020,01,경남,1,11
2020,01,부산,2,5
2020,01,대구,2,12
2020,01,울산,1,2
2020,01,경기,9,125
2019,12,서울,6,106
2019,12,충북,1,2
2019,12,전북,1,18
2019,12,전남,1,17
2019,12,경북,1,5
2019,12,경남,2,58
2019,12,대구,1,2
2019,12,인천,1,11
2019,12,경기,4,32
2019,11,서울,1,2
2019,11,충남,1,18
2019,11,전남,2,76
2019,11,제주,1,5
2019,11,불명,2,20
2019,11,부산,1,19
2019,11,대구,1,15
2019,11,인천,3,28
2019,11,광주,1,5
2019,11,대전,1,4
2019,11,세종,1,5
2019,11,경기,3,39
2019,10,서울,2,38
2019,10,강원,1,5
2019,10,충북,1,2
2019,10,충남,2,28
2019,10,전북,1,3
2019,10,전남,1,39
2019,10,경남,2,9
2019,10,제주,2,40
2019,10,불명,1,10
2019,10,경기,3,53
2019,09,서울,2,8
2019,09,강원,2,18
2019,09,충북,2,14
2019,09,충남,2,12
2019,09,전북,3,33
2019,09,경북,1,2
2019,09,경남,1,11
2019,09,제주,1,6
2019,09,불명,1,8
2019,09,부산,1,4
2019,09,인천,2,8
2019,09,광주,1,5
2019,09,경기,3,7
2019,08,서울,1,5
2019,08,강원,4,66
2019,08,충북,3,20
2019,08,충남,1,70
2019,08,전남,1,51
2019,08,경남,4,33
2019,08,불명,1,4
2019,08,대구,1,2
2019,08,인천,1,5
2019,08,광주,1,6
2019,08,경기,7,71
2019,07,서울,5,54
2019,07,강원,1,6
2019,07,충북,2,49
2019,07,충남,2,166
2019,07,전북,3,18
2019,07,경북,3,42
2019,07,경남,1,3
2019,07,대구,1,26
2019,07,인천,2,38
2019,07,광주,2,19
2019,07,울산,1,5
2019,07,경기,5,124
2019,06,서울,8,68
2019,06,강원,2,55
2019,06,충북,4,107
2019,06,충남,1,6
2019,06,전북,2,8
2019,06,경북,1,13
2019,06,경남,1,27
2019,06,제주,1,8
2019,06,불명,1,4
2019,06,부산,2,67
2019,06,대구,1,42
2019,06,인천,3,11
2019,06,광주,2,9
2019,06,대전,2,32
2019,06,경기,6,75
2019,05,서울,2,44
2019,05,강원,3,14
2019,05,충북,1,14
2019,05,충남,1,4
2019,05,전북,1,6
2019,05,전남,1,16
2019,05,경북,5,39
2019,05,경남,1,3
2019,05,부산,4,140
2019,05,대구,1,2
2019,05,인천,1,4
2019,05,대전,2,4
2019,05,울산,1,8
2019,05,경기,11,140
2019,04,서울,6,320
2019,04,강원,2,5
2019,04,충북,2,25
2019,04,충남,2,41
2019,04,전북,2,6
2019,04,전남,1,5
2019,04,경북,3,34
2019,04,경남,4,21
2019,04,제주,1,3
2019,04,부산,1,6
2019,04,대구,2,9
2019,04,인천,1,19
2019,04,울산,1,7
2019,04,경기,3,42
2019,03,충북,1,13
2019,03,충남,1,2
2019,03,전남,1,5
2019,03,경북,1,5
2019,03,경남,1,8
2019,03,부산,3,13
2019,03,대구,1,54
2019,03,인천,2,268
2019,03,광주,1,9
2019,03,대전,1,24
2019,03,경기,6,103
2019,02,서울,2,43
2019,02,강원,1,3
2019,02,충남,2,12
2019,02,전남,1,8
2019,02,경북,1,2
2019,02,경남,5,26
2019,02,부산,2,8
2019,02,대구,1,2
2019,02,인천,1,5
2019,01,서울,1,31
2019,01,강원,2,18
2019,01,충북,2,18
2019,01,충남,2,32
2019,01,전북,1,5
2019,01,경북,2,55
2019,01,경남,4,29
2019,01,부산,1,6
2019,01,대구,1,3
2019,01,경기,5,19
2018,12,서울,4,49
2018,12,전남,2,12
2018,12,경북,1,21
2018,12,경남,3,26
2018,12,인천,3,12
2018,12,경기,2,22
2018,11,서울,1,2
2018,11,충북,2,28
2018,11,충남,1,26
2018,11,전북,3,25
2018,11,전남,1,2
2018,11,경북,1,14
2018,11,경남,1,6
2018,11,제주,2,14
2018,11,부산,2,9
2018,11,인천,3,18
2018,11,광주,2,25
2018,11,경기,4,16
2018,10,서울,8,109
2018,10,강원,1,3
2018,10,충북,2,25
2018,10,전북,3,15
2018,10,전남,4,38
2018,10,경북,1,5
2018,10,경남,8,96
2018,10,제주,1,111
2018,10,불명,1,2
2018,10,부산,1,10
2018,10,대구,1,2
2018,10,인천,3,26
2018,10,울산,2,82
2018,10,경기,9,84
2018,09,서울,5,770
2018,09,강원,1,69
2018,09,충북,1,11
2018,09,전북,3,75
2018,09,전남,5,85
2018,09,경북,7,699
2018,09,경남,3,26
2018,09,제주,3,31
2018,09,불명,1,139
2018,09,부산,3,34
2018,09,대구,2,10
2018,09,인천,4,105
2018,09,경기,18,3185
2018,08,서울,4,172
2018,08,강원,4,114
2018,08,충북,1,7
2018,08,충남,2,207
2018,08,전북,2,5
2018,08,전남,5,77
2018,08,경북,4,70
2018,08,부산,2,224
2018,08,인천,3,32
2018,08,광주,1,12
2018,08,경기,8,616
2018,07,서울,5,68
2018,07,강원,1,75
2018,07,충북,2,7
2018,07,전북,3,17
2018,07,전남,4,15
2018,07,경북,3,11
2018,07,경남,1,43
2018,07,부산,3,193
2018,07,대구,2,69
2018,07,인천,4,67
2018,07,대전,1,4
2018,07,경기,6,61
2018,06,서울,2,54
2018,06,강원,1,5
2018,06,충북,4,81
2018,06,충남,1,18
2018,06,전남,2,15
2018,06,경북,4,161
2018,06,경남,2,31
2018,06,부산,1,68
2018,06,대구,2,157
2018,06,인천,3,43
2018,06,울산,1,2
2018,06,경기,5,97
2018,05,서울,5,291
2018,05,강원,2,32
2018,05,충북,2,19
2018,05,전북,2,17
2018,05,전남,3,44
2018,05,경북,1,19
2018,05,경남,2,35
2018,05,제주,1,4
2018,05,불명,1,11
2018,05,부산,2,26
2018,05,인천,2,5
2018,05,울산,1,5
2018,05,세종,2,179
2018,05,경기,5,166
2018,04,서울,5,55
2018,04,충남,1,11
2018,04,전북,1,18
2018,04,경북,1,19
2018,04,경남,2,115
2018,04,제주,2,39
2018,04,불명,1,6
2018,04,부산,3,52
2018,04,대구,1,3
2018,04,인천,1,2
2018,04,광주,1,4
2018,04,울산,1,7
2018,04,경기,5,113
2018,03,서울,10,466
2018,03,강원,1,4
2018,03,충북,1,6
2018,03,전북,3,36
2018,03,전남,2,9
2018,03,경북,5,73
2018,03,경남,5,84
2018,03,부산,1,18
2018,03,인천,1,3
2018,03,광주,1,2
2018,03,울산,1,6
2018,03,경기,6,109
2018,02,서울,3,95
2018,02,강원,1,6
2018,02,전남,1,15
2018,02,경남,1,23
2018,02,부산,1,3
2018,02,대구,2,4
2018,02,인천,1,6
2018,02,세종,1,5
2018,02,경기,4,37
2018,01,서울,2,11
2018,01,충북,2,6
2018,01,전남,1,10
2018,01,경남,1,2
2018,01,제주,1,33
2018,01,불명,1,3
2018,01,인천,4,15
2018,01,경기,5,45
2017,12,서울,1,4
2017,12,강원,1,20
2017,12,전북,1,5
2017,12,경북,1,2
2017,12,경남,3,9
2017,12,부산,1,5
2017,12,대구,1,6
2017,12,인천,2,10
2017,12,대전,1,3
2017,12,울산,1,5
2017,12,경기,3,54
2017,11,서울,5,42
2017,11,충북,1,30
2017,11,전남,1,9
2017,11,경남,2,12
2017,11,부산,2,25
2017,11,인천,1,31
2017,11,경기,5,30
2017,10,서울,1,5
2017,10,충북,1,5
2017,10,전남,1,53
2017,10,경북,1,26
2017,10,경남,1,22
2017,10,제주,2,7
2017,10,부산,2,42
2017,10,인천,4,87
2017,10,경기,3,85
2017,09,서울,5,220
2017,09,강원,2,6
2017,09,충북,1,34
2017,09,전남,2,3
2017,09,경북,1,6
2017,09,경남,2,40
2017,09,제주,1,2
2017,09,불명,1,77
2017,09,부산,3,206
2017,09,인천,2,10
2017,09,대전,1,89
2017,09,울산,2,11
2017,09,세종,1,3
2017,09,경기,7,38
2017,08,서울,7,327
2017,08,강원,4,46
2017,08,충북,1,25
2017,08,충남,2,15
2017,08,전북,4,19
2017,08,전남,2,27
2017,08,경북,2,108
2017,08,경남,4,36
2017,08,제주,3,237
2017,08,불명,1,79
2017,08,부산,1,5
2017,08,대구,2,23
2017,08,인천,1,6
2017,08,광주,1,3
2017,08,대전,1,14
2017,08,세종,1,13
2017,08,경기,9,572
2017,07,서울,9,119
2017,07,강원,3,11
2017,07,충남,2,21
2017,07,전북,3,73
2017,07,전남,4,40
2017,07,경북,3,59
2017,07,경남,1,6
2017,07,제주,1,3
2017,07,부산,1,9
2017,07,대구,3,7
2017,07,인천,6,18
2017,07,광주,1,25
2017,07,대전,2,4
2017,07,울산,1,6
2017,07,경기,6,28
2017,06,서울,3,16
2017,06,강원,5,22
2017,06,충북,1,3
2017,06,충남,2,24
2017,06,전북,2,8
2017,06,전남,3,10
2017,06,경북,1,3
2017,06,경남,3,20
2017,06,제주,3,21
2017,06,대구,6,26
2017,06,인천,6,46
2017,06,경기,9,717
2017,05,서울,1,10
2017,05,강원,3,30
2017,05,충북,2,114
2017,05,충남,2,25
2017,05,전북,1,131
2017,05,전남,2,5
2017,05,경남,6,57
2017,05,제주,4,14
2017,05,불명,2,75
2017,05,대구,1,2
2017,05,인천,1,4
2017,05,울산,1,32
2017,05,경기,14,106
2017,04,서울,1,2
2017,04,강원,5,109
2017,04,충남,1,6
2017,04,전남,2,10
2017,04,경북,3,65
2017,04,경남,2,8
2017,04,제주,1,4
2017,04,부산,2,32
2017,04,인천,1,2
2017,04,대전,1,90
2017,04,울산,1,6
2017,04,경기,6,75
2017,03,서울,2,7
2017,03,강원,1,4
2017,03,충남,3,12
2017,03,경북,2,51
2017,03,경남,1,3
2017,03,부산,1,6
2017,03,대구,2,7
2017,03,인천,1,3
2017,03,경기,3,53
2017,02,서울,1,5
2017,02,강원,1,3
2017,02,충북,2,7
2017,02,충남,2,11
2017,02,전북,2,14
2017,02,경남,2,8
2017,02,제주,1,6
2017,02,부산,1,3
2017,02,대구,1,5
2017,02,인천,1,3
2017,02,세종,2,6
2017,02,경기,2,18
2017,01,서울,2,6
2017,01,충북,1,2
2017,01,충남,3,12
2017,01,전남,1,6
2017,01,경북,1,6
2017,01,부산,1,3
2017,01,대구,2,13
2017,01,인천,2,6
2017,01,경기,7,67
2016,12,서울,5,59
2016,12,충북,1,5
2016,12,충남,3,22
2016,12,전남,1,5
2016,12,경남,2,10
2016,12,제주,2,12
2016,12,대구,4,62
2016,12,인천,2,10
2016,12,광주,1,5
2016,12,경기,11,207
2016,11,서울,3,71
2016,11,충북,4,57
2016,11,충남,3,11
2016,11,전북,2,21
2016,11,전남,2,17
2016,11,경남,2,9
2016,11,불명,1,11
2016,11,대구,6,147
2016,11,인천,2,11
2016,11,광주,1,10
2016,11,경기,11,81
2016,10,서울,1,27
2016,10,강원,3,356
2016,10,충북,1,5
2016,10,충남,6,28
2016,10,전북,1,43
2016,10,전남,5,20
2016,10,경북,1,7
2016,10,경남,3,62
2016,10,제주,5,87
2016,10,대구,2,11
2016,10,인천,5,36
2016,10,세종,1,8
2016,10,경기,7,41
2016,09,서울,1,6
2016,09,충북,3,61
2016,09,충남,2,22
2016,09,전북,2,7
2016,09,전남,1,3
2016,09,경북,2,8
2016,09,경남,2,10
2016,09,제주,6,17
2016,09,대구,1,4
2016,09,인천,2,16
2016,09,광주,1,27
2016,09,대전,3,31
2016,09,울산,1,24
2016,09,경기,12,189
2016,08,서울,8,975
2016,08,강원,3,12
2016,08,충남,5,65
2016,08,전남,1,4
2016,08,경북,4,149
2016,08,경남,2,198
2016,08,제주,11,35
2016,08,부산,4,341
2016,08,대구,3,126
2016,08,인천,8,194
2016,08,대전,1,3
2016,08,울산,1,38
2016,08,경기,11,248
2016,07,서울,3,142
2016,07,강원,6,40
2016,07,충남,2,17
2016,07,전남,1,2
2016,07,경북,1,16
2016,07,제주,2,5
2016,07,울산,2,22
2016,07,경기,5,36
2016,06,강원,3,23
2016,06,충북,1,4
2016,06,충남,1,9
2016,06,전북,1,187
2016,06,전남,2,10
2016,06,경북,4,165
2016,06,제주,7,66
2016,06,대구,1,4
2016,06,인천,3,46
2016,06,광주,2,33
2016,06,대전,2,73
2016,06,경기,9,141
2016,05,서울,3,10
2016,05,강원,4,23
2016,05,충남,3,44
2016,05,전북,1,153
2016,05,전남,4,25
2016,05,경북,3,20
2016,05,경남,3,16
2016,05,제주,3,118
2016,05,부산,1,12
2016,05,대구,1,8
2016,05,인천,5,65
2016,05,광주,1,6
2016,05,대전,1,2
2016,05,경기,10,171
2016,04,서울,4,50
2016,04,강원,3,20
2016,04,충북,2,14
2016,04,충남,2,35
2016,04,전북,4,24
2016,04,전남,5,43
2016,04,경북,5,93
2016,04,경남,1,5
2016,04,불명,2,96
2016,04,부산,1,14
2016,04,대구,1,5
2016,04,경기,9,155
2016,03,서울,3,109
2016,03,강원,1,2
2016,03,충북,4,57
2016,03,충남,3,16
2016,03,경북,3,17
2016,03,경남,1,11
2016,03,제주,1,10
2016,03,부산,2,50
2016,03,대구,2,6
2016,03,인천,1,3
2016,03,경기,4,77
2016,02,서울,2,20
2016,02,강원,1,2
2016,02,충남,1,5
2016,02,전북,1,6
2016,02,경남,1,5
2016,02,대구,1,8
2016,02,경기,2,5
2016,01,서울,2,5
2016,01,충남,1,14
2016,01,전북,1,5
2016,01,전남,1,7
2016,01,경남,1,19
2016,01,대구,1,2
2016,01,인천,1,5
2016,01,경기,6,41
2015,12,서울,5,150
2015,12,강원,1,2
2015,12,충북,1,35
2015,12,충남,2,14
2015,12,전북,1,6
2015,12,경남,2,21
2015,12,대구,3,11
2015,12,인천,1,20
2015,12,경기,3,16
2015,11,서울,2,10
2015,11,충북,1,2
2015,11,충남,2,6
2015,11,전남,2,55
2015,11,경북,3,57
2015,11,경남,3,15
2015,11,인천,4,17
2015,11,울산,1,41
2015,11,경기,6,18
2015,10,서울,2,11
2015,10,강원,4,14
2015,10,충북,1,11
2015,10,충남,2,83
2015,10,전북,2,26
2015,10,전남,2,19
2015,10,경북,1,5
2015,10,제주,4,15
2015,10,불명,1,3
2015,10,대구,2,17
2015,10,인천,1,31
2015,10,대전,1,16
2015,10,경기,11,48
2015,09,서울,2,13
2015,09,강원,4,23
2015,09,충북,1,5
2015,09,충남,1,6
2015,09,전남,2,34
2015,09,경북,3,63
2015,09,제주,1,4
2015,09,대구,3,54
2015,09,인천,2,6
2015,09,대전,1,4
2015,09,경기,8,188
2015,08,서울,2,5
2015,08,강원,3,13
2015,08,충남,3,50
2015,08,전북,7,101
2015,08,전남,4,30
2015,08,경북,1,16
2015,08,경남,2,45
2015,08,대구,1,3
2015,08,경기,8,1466
2015,07,서울,4,92
2015,07,강원,1,3
2015,07,충북,1,98
2015,07,전북,3,12
2015,07,전남,4,22
2015,07,경남,2,27
2015,07,제주,2,4
2015,07,부산,2,40
2015,07,대구,1,5
2015,07,인천,1,3
2015,07,광주,2,23
2015,07,대전,1,2
2015,07,경기,10,196
2015,06,서울,6,196
2015,06,강원,1,3
2015,06,충남,5,168
2015,06,전북,2,212
2015,06,전남,1,2
2015,06,경북,1,30
2015,06,경남,2,42
2015,06,제주,1,3
2015,06,대구,1,2
2015,06,인천,2,4
2015,06,광주,2,15
2015,06,대전,1,12
2015,06,울산,1,6
2015,06,경기,5,57
2015,05,서울,1,13
2015,05,강원,2,11
2015,05,충북,1,37
2015,05,전북,1,30
2015,05,전남,3,48
2015,05,경남,1,5
2015,05,제주,1,9
2015,05,불명,1,9
2015,05,부산,2,21
2015,05,대구,1,14
2015,05,인천,4,60
2015,05,대전,1,2
2015,05,세종,1,4
2015,05,경기,7,230
2015,04,서울,5,79
2015,04,강원,2,10
2015,04,충북,2,28
2015,04,충남,1,4
2015,04,전남,1,3
2015,04,경북,1,57
2015,04,경남,3,37
2015,04,부산,1,11
2015,04,대구,1,35
2015,04,인천,1,6
2015,04,광주,2,25
2015,04,대전,1,5
2015,04,경기,9,102
2015,03,서울,4,146
2015,03,강원,2,26
2015,03,충북,1,45
2015,03,충남,1,6
2015,03,전남,1,6
2015,03,경북,2,34
2015,03,제주,1,4
2015,03,부산,1,6
2015,03,인천,1,3
2015,03,광주,1,44
2015,03,경기,8,92
2015,02,서울,2,51
2015,02,강원,1,3
2015,02,충남,2,9
2015,02,전남,1,6
2015,02,경남,1,3
2015,02,제주,1,6
2015,02,인천,1,13
2015,02,경기,4,58
2015,01,서울,2,9
2015,01,강원,2,20
2015,01,충북,1,3
2015,01,충남,4,21
2015,01,전북,2,50
2015,01,전남,3,21
2015,01,경남,3,20
2015,01,대구,4,8
2015,01,인천,1,4
2015,01,광주,1,3
2015,01,울산,2,58
2015,01,경기,11,105
2014,12,서울,10,67
2014,12,강원,2,21
2014,12,충남,1,25
2014,12,전북,2,14
2014,12,전남,1,16
2014,12,경북,4,152
2014,12,경남,1,4
2014,12,부산,1,3
2014,12,대구,3,64
2014,12,인천,5,73
2014,12,광주,2,10
2014,12,대전,2,26
2014,12,울산,1,6
2014,12,경기,15,139
2014,11,서울,5,99
2014,11,강원,2,8
2014,11,충북,1,17
2014,11,충남,1,4
2014,11,전북,1,4
2014,11,전남,4,41
2014,11,경북,2,19
2014,11,경남,1,2
2014,11,제주,2,8
2014,11,대구,1,2
2014,11,인천,2,7
2014,11,대전,2,30
2014,11,울산,1,3
2014,11,경기,7,98
2014,10,서울,2,15
2014,10,강원,1,3
2014,10,충남,1,72
2014,10,전남,1,5
2014,10,경북,2,17
2014,10,경남,1,5
2014,10,제주,4,32
2014,10,불명,1,10
2014,10,부산,1,18
2014,10,대구,1,3
2014,10,인천,2,8
2014,10,대전,1,2
2014,10,울산,1,33
2014,10,세종,1,13
2014,10,경기,4,21
2014,09,서울,4,16
2014,09,충북,3,50
2014,09,충남,2,7
2014,09,전북,2,6
2014,09,전남,1,25
2014,09,경북,1,3
2014,09,불명,1,53
2014,09,광주,3,35
2014,09,대전,1,4
2014,09,울산,1,14
2014,09,경기,8,48
2014,08,서울,9,915
2014,08,충남,3,43
2014,08,전북,2,19
2014,08,전남,2,12
2014,08,경북,1,6
2014,08,제주,1,5
2014,08,부산,2,15
2014,08,인천,2,59
2014,08,광주,1,4
2014,08,울산,5,58
2014,08,경기,15,293
2014,07,서울,5,103
2014,07,강원,2,6
2014,07,충북,6,70
2014,07,충남,3,19
2014,07,경남,1,9
2014,07,제주,1,5
2014,07,대구,1,3
2014,07,인천,1,30
2014,07,광주,1,2
2014,07,울산,1,19
2014,07,경기,11,218
2014,06,서울,4,403
2014,06,강원,2,31
2014,06,충북,2,14
2014,06,전북,4,160
2014,06,전남,4,187
2014,06,경북,1,8
2014,06,제주,1,6
2014,06,불명,1,5
2014,06,인천,1,36
2014,06,울산,6,41
2014,06,경기,10,64
2014,05,서울,1,6
2014,05,충북,1,24
2014,05,충남,1,30
2014,05,전북,1,34
2014,05,전남,3,68
2014,05,경북,4,23
2014,05,경남,1,5
2014,05,제주,2,9
2014,05,부산,2,8
2014,05,인천,10,1163
2014,05,대전,2,10
2014,05,울산,1,7
2014,05,경기,6,161
2014,04,서울,4,60
2014,04,강원,1,44
2014,04,충북,1,13
2014,04,충남,1,7
2014,04,전북,2,55
2014,04,경북,2,8
2014,04,경남,1,6
2014,04,불명,1,10
2014,04,대구,1,80
2014,04,울산,1,33
2014,04,경기,7,55
2014,03,서울,6,210
2014,03,충북,1,3
2014,03,전북,1,2
2014,03,전남,2,9
2014,03,경북,1,4
2014,03,경남,1,6
2014,03,부산,1,33
2014,03,인천,3,48
2014,03,세종,1,12
2014,03,경기,7,736
2014,02,서울,1,6
2014,02,충북,1,10
2014,02,충남,1,9
2014,02,전북,1,2
2014,02,전남,2,22
2014,02,경북,1,6
2014,02,대구,1,3
2014,02,경기,6,22
2014,01,서울,1,5
2014,01,강원,1,4
2014,01,전북,1,3
2014,01,전남,1,4
2014,01,인천,1,4
2014,01,경기,4,36
2013,12,서울,6,100
2013,12,충남,3,42
2013,12,전북,3,10
2013,12,불명,2,22
2013,12,부산,1,15
2013,12,대구,1,40
2013,12,인천,1,35
2013,12,광주,1,3
2013,12,울산,2,7
2013,12,경기,7,97
2013,11,서울,3,102
2013,11,강원,1,89
2013,11,충남,1,6
2013,11,전북,2,89
2013,11,전남,2,27
2013,11,불명,1,14
2013,11,부산,1,6
2013,11,인천,4,20
2013,11,울산,1,58
2013,11,세종,1,43
2013,11,경기,4,38
2013,10,서울,3,8
2013,10,충남,1,2
2013,10,전북,2,20
2013,10,전남,1,6
2013,10,경북,1,15
2013,10,경남,1,48
2013,10,제주,1,11
2013,10,불명,1,16
2013,10,부산,2,9
2013,10,경기,2,6
2013,09,서울,1,32
2013,09,강원,1,7
2013,09,충남,1,35
2013,09,전남,1,40
2013,09,경북,2,51
2013,09,제주,2,28
2013,09,부산,2,82
2013,09,대구,2,5
2013,09,인천,1,107
2013,09,경기,5,63
2013,08,전북,1,38
2013,08,전남,5,75
2013,08,경남,2,191
2013,08,제주,1,4
2013,08,부산,1,3
2013,08,대구,1,39
2013,08,경기,4,55
2013,07,서울,3,68
2013,07,강원,1,11
2013,07,전북,1,8
2013,07,전남,5,251
2013,07,경남,1,19
2013,07,제주,1,5
2013,07,부산,1,2
2013,07,광주,1,11
2013,07,울산,2,46
2013,07,경기,10,190
2013,06,서울,3,260
2013,06,전북,3,22
2013,06,전남,1,66
2013,06,경남,1,19
2013,06,제주,1,6
2013,06,부산,2,94
2013,06,대구,1,3
2013,06,인천,2,79
2013,06,광주,1,15
2013,06,대전,1,7
2013,06,경기,8,106
2013,05,서울,3,11
2013,05,강원,1,6
2013,05,전북,2,53
2013,05,경북,2,32
2013,05,경남,1,5
2013,05,대구,1,18
2013,05,인천,1,46
2013,05,울산,1,9
2013,05,경기,8,72
2013,04,서울,6,58
2013,04,강원,1,324
2013,04,충북,1,3
2013,04,전북,5,415
2013,04,전남,1,5
2013,04,경남,1,14
2013,04,제주,2,13
2013,04,대구,1,5
2013,04,인천,1,9
2013,04,세종,1,26
2013,04,경기,4,24
2013,03,서울,2,8
2013,03,강원,2,83
2013,03,전북,2,50
2013,03,경북,1,23
2013,03,제주,1,16
2013,03,부산,1,2
2013,03,대구,1,8
2013,03,인천,1,4
2013,03,경기,8,133
2013,02,충북,1,36
2013,02,광주,1,9
2013,02,경기,2,5
2013,01,서울,4,60
2013,01,강원,2,34
2013,01,충북,2,21
2013,01,전북,3,101
2013,01,전남,1,23
2013,01,대구,1,3
2013,01,대전,1,4
2013,01,경기,8,40
2012,12,서울,2,31
2012,12,강원,1,266
2012,12,충북,1,3
2012,12,경북,2,28
2012,12,대구,2,63
2012,12,울산,2,72
2012,12,세종,1,33
2012,12,경기,15,182
2012,11,서울,3,132
2012,11,강원,2,41
2012,11,충남,2,17
2012,11,경북,3,58
2012,11,경기,7,98
2012,10,서울,8,46
2012,10,충북,1,33
2012,10,충남,1,6
2012,10,전북,1,5
2012,10,제주,1,33
2012,10,부산,1,10
2012,10,대구,1,4
2012,10,인천,2,10
2012,10,대전,1,4
2012,10,울산,2,12
2012,10,경기,5,26
2012,09,서울,4,24
2012,09,강원,1,165
2012,09,전북,1,6
2012,09,전남,1,7
2012,09,경남,1,45
2012,09,제주,1,74
2012,09,부산,3,169
2012,09,대구,1,44
2012,09,인천,9,691
2012,09,광주,1,14
2012,09,대전,1,8
2012,09,울산,1,5
2012,09,경기,13,151
2012,08,서울,3,139
2012,08,강원,3,33
2012,08,전북,1,16
2012,08,전남,2,46
2012,08,경북,2,23
2012,08,경남,2,44
2012,08,부산,2,17
2012,08,대구,2,31
2012,08,울산,1,5
2012,08,경기,10,236
2012,07,서울,2,37
2012,07,강원,1,2
2012,07,충북,1,3
2012,07,충남,2,82
2012,07,전남,1,5
2012,07,경남,3,75
2012,07,대구,2,4
2012,07,인천,1,6
2012,07,광주,1,3
2012,07,울산,1,2
2012,07,경기,5,81
2012,06,서울,3,184
2012,06,강원,3,42
2012,06,충북,1,7
2012,06,충남,2,34
2012,06,전남,3,33
2012,06,경북,1,5
2012,06,제주,2,44
2012,06,대구,2,20
2012,06,인천,2,62
2012,06,경기,8,72
2012,05,서울,3,70
2012,05,강원,1,136
2012,05,충북,2,13
2012,05,전북,1,71
2012,05,전남,3,88
2012,05,경북,1,12
2012,05,경남,2,77
2012,05,제주,1,5
2012,05,대구,1,4
2012,05,인천,2,93
2012,05,대전,1,10
2012,05,경기,10,101
2012,04,서울,1,2
2012,04,강원,2,58
2012,04,전남,1,22
2012,04,경북,2,18
2012,04,제주,1,48
2012,04,부산,1,10
2012,04,인천,3,124
2012,04,광주,1,57
2012,04,울산,1,27
2012,04,경기,4,21
2012,03,서울,1,83
2012,03,강원,1,15
2012,03,충북,1,42
2012,03,경남,1,9
2012,03,부산,2,47
2012,03,대구,1,68
2012,03,광주,1,17
2012,03,경기,3,15
2012,02,서울,4,74
2012,02,강원,1,4
2012,02,충북,1,18
2012,02,충남,1,15
2012,02,전남,1,38
2012,02,경북,2,52
2012,02,경남,2,49
2012,02,부산,2,72
2012,02,경기,7,70
2012,01,서울,1,15
2012,01,강원,1,167
2012,01,충북,1,49
2012,01,전남,1,4
2012,01,경남,2,34
2012,01,경기,3,25
2011,12,서울,2,17
2011,12,전북,2,15
2011,12,부산,1,19
2011,12,대구,1,8
2011,12,인천,1,59
2011,12,울산,1,11
2011,12,경기,4,48
2011,11,서울,2,8
2011,11,강원,3,23
2011,11,전남,2,18
2011,11,경남,1,2
2011,11,제주,1,126
2011,11,인천,1,9
2011,11,광주,1,45
2011,11,울산,2,22
2011,11,경기,3,14
2011,10,서울,3,68
2011,10,전북,1,2
2011,10,전남,1,39
2011,10,대전,1,2
2011,10,경기,3,83
2011,09,서울,2,46
2011,09,강원,1,45
2011,09,충북,1,30
2011,09,충남,2,76
2011,09,전남,3,25
2011,09,부산,4,495
2011,09,대전,2,16
2011,09,울산,5,47
2011,09,경기,5,29
2011,08,서울,4,181
2011,08,강원,4,199
2011,08,충북,1,2
2011,08,충남,5,676
2011,08,전북,1,21
2011,08,전남,2,39
2011,08,경북,1,37
2011,08,경남,2,14
2011,08,제주,1,6
2011,08,부산,3,39
2011,08,인천,2,43
2011,08,대전,2,11
2011,08,울산,1,3
2011,08,경기,9,211
2011,07,서울,3,174
2011,07,강원,2,57
2011,07,충남,3,36
2011,07,전북,1,43
2011,07,전남,1,4
2011,07,경남,2,43
2011,07,제주,1,8
2011,07,부산,3,328
2011,07,울산,1,10
2011,07,경기,6,37
2011,06,서울,2,11
2011,06,강원,5,31
2011,06,충남,1,15
2011,06,전북,2,69
2011,06,전남,3,16
2011,06,경북,1,10
2011,06,경남,2,92
2011,06,부산,1,6
2011,06,대구,1,10
2011,06,대전,3,11
2011,06,울산,2,27
2011,06,경기,12,116
2011,05,서울,4,34
2011,05,충북,3,291
2011,05,충남,1,28
2011,05,전남,3,45
2011,05,경남,1,10
2011,05,제주,1,8
2011,05,인천,2,11
2011,05,대전,1,76
2011,05,경기,3,514
2011,04,충북,2,24
2011,04,충남,1,24
2011,04,전북,2,21
2011,04,전남,5,60
2011,04,경북,1,5
2011,04,경남,3,61
2011,04,제주,1,15
2011,04,부산,2,137
2011,04,인천,2,306
2011,04,광주,1,5
2011,04,대전,3,148
2011,04,울산,1,17
2011,04,경기,2,4
2011,03,서울,5,39
2011,03,충남,1,9
2011,03,전북,2,145
2011,03,경북,1,22
2011,03,부산,1,3
2011,03,대구,1,192
2011,03,대전,3,10
2011,03,경기,7,270
2011,02,서울,3,124
2011,02,충북,1,7
2011,02,전북,1,2
2011,02,제주,1,24
2011,02,부산,1,5
2011,02,대구,1,20
2011,02,대전,1,3
2011,02,경기,5,166
2011,01,서울,3,38
2011,01,충남,1,4
2011,01,전남,1,15
2011,01,부산,2,14
2011,01,인천,1,53
2011,01,경기,3,13
2010,12,서울,7,89
2010,12,충북,1,13
2010,12,경남,3,133
2010,12,제주,2,5
2010,12,부산,1,6
2010,12,인천,1,64
2010,12,대전,1,12
2010,12,경기,7,147
2010,11,서울,3,32
2010,11,충남,1,47
2010,11,경북,2,18
2010,11,제주,1,6
2010,11,대전,1,3
2010,11,울산,1,5
2010,11,경기,6,251
2010,10,서울,4,29
2010,10,강원,2,88
2010,10,충남,1,7
2010,10,전북,1,145
2010,10,경북,1,11
2010,10,부산,2,10
2010,10,울산,1,15
2010,10,경기,6,30
2010,09,서울,7,358
2010,09,충북,2,29
2010,09,충남,3,16
2010,09,전남,2,10
2010,09,경북,4,47
2010,09,부산,6,205
2010,09,인천,3,17
2010,09,광주,2,8
2010,09,대전,1,5
2010,09,울산,2,19
2010,09,경기,3,69
2010,08,서울,1,2
2010,08,강원,2,13
2010,08,충북,2,27
2010,08,충남,3,42
2010,08,전북,2,10
2010,08,전남,4,48
2010,08,경북,7,202
2010,08,부산,2,32
2010,08,대구,1,165
2010,08,광주,6,66
2010,08,대전,1,97
2010,08,울산,1,4
2010,08,경기,9,62
2010,07,서울,5,28
2010,07,강원,2,2
2010,07,충북,1,46
2010,07,충남,2,47
2010,07,전북,2,38
2010,07,경북,1,40
2010,07,부산,3,65
2010,07,인천,1,3
2010,07,광주,6,139
2010,07,대전,2,12
2010,07,경기,9,141
2010,06,서울,4,42
2010,06,충남,4,84
2010,06,경북,3,106
2010,06,제주,1,10
2010,06,부산,3,259
2010,06,인천,1,0
2010,06,광주,1,18
2010,06,대전,2,41
2010,06,울산,1,5
2010,06,경기,9,1343
2010,05,강원,1,6
2010,05,충남,4,116
2010,05,전남,1,5
2010,05,경북,2,10
2010,05,부산,1,5
2010,05,대구,1,13
2010,05,인천,1,8
2010,05,광주,1,5
2010,05,경기,3,33
2010,04,서울,3,212
2010,04,충북,1,85
2010,04,충남,1,6
2010,04,전북,1,10
2010,04,전남,1,26
2010,04,경북,3,15
2010,04,제주,2,99
2010,04,부산,1,4
2010,04,인천,1,3
2010,04,경기,6,433
2010,03,서울,2,16
2010,03,강원,1,6
2010,03,경북,2,13
2010,03,인천,2,161
2010,03,광주,3,19
2010,03,경기,5,149
2010,02,서울,1,4
2010,02,강원,3,272
2010,02,경북,2,17
2010,02,경남,1,5
2010,02,제주,1,2
2010,02,대구,1,10
2010,02,인천,1,2
2010,02,광주,1,3
2010,02,울산,1,87
2010,02,경기,5,28
2010,01,서울,2,13
2010,01,전북,1,28
2010,01,경북,1,4
2010,01,부산,2,79
2010,01,인천,1,7
2010,01,광주,1,3
2010,01,경기,1,8
2009,12,경북,1,8
2009,12,부산,1,6
2009,12,인천,3,33
2009,12,광주,1,62
2009,12,경기,3,14
2009,11,서울,3,16
2009,11,충남,1,7
2009,11,전북,1,9
2009,11,제주,1,2
2009,11,경기,1,6
2009,10,충북,1,8
2009,10,충남,1,3
2009,10,전남,2,360
2009,10,인천,2,40
2009,10,경기,1,5
2009,09,서울,4,53
2009,09,충북,1,118
2009,09,전북,1,6
2009,09,전남,2,19
2009,09,부산,2,17
2009,09,인천,2,20
2009,09,광주,2,14
2009,09,대전,1,2
2009,09,경기,5,52
2009,08,서울,2,10
2009,08,강원,3,25
2009,08,충남,3,183
2009,08,경북,2,28
2009,08,불명,1,2
2009,08,인천,2,8
2009,08,대전,1,3
2009,08,경기,4,65
2009,07,서울,3,24
2009,07,충남,1,18
2009,07,전북,1,3
2009,07,경북,2,27
2009,07,경남,3,32
2009,07,제주,4,43
2009,07,불명,1,2
2009,07,인천,2,101
2009,07,대전,1,105
2009,07,경기,2,23
2009,06,서울,6,476
2009,06,강원,2,25
2009,06,충남,2,109
2009,06,전남,1,17
2009,06,경북,3,209
2009,06,경남,1,20
2009,06,제주,1,6
2009,06,불명,1,15
2009,06,부산,1,9
2009,06,인천,2,7
2009,06,광주,2,76
2009,06,대전,2,34
2009,06,경기,5,315
2009,05,서울,7,293
2009,05,강원,1,158
2009,05,충북,1,29
2009,05,충남,3,131
2009,05,경북,2,17
2009,05,경남,2,96
2009,05,불명,1,58
2009,05,부산,3,179
2009,05,대구,2,120
2009,05,인천,3,29
2009,05,광주,1,6
2009,05,대전,2,59
2009,05,울산,1,11
2009,05,경기,7,46
2009,04,서울,6,119
2009,04,강원,1,27
2009,04,전북,1,11
2009,04,전남,1,25
2009,04,경북,1,5
2009,04,경남,4,93
2009,04,불명,1,54
2009,04,부산,1,6
2009,04,대구,2,70
2009,04,인천,1,3
2009,04,광주,1,2
2009,04,울산,3,270
2009,04,경기,3,24
2009,03,서울,3,139
2009,03,강원,1,43
2009,03,충남,2,17
2009,03,전남,1,29
2009,03,경북,1,24
2009,03,인천,1,2
2009,03,광주,2,5
2009,03,대전,2,14
2009,03,경기,7,480
2009,02,서울,7,40
2009,02,강원,3,57
2009,02,충북,1,67
2009,02,충남,2,30
2009,02,경북,4,44
2009,02,대구,1,21
2009,02,인천,1,5
2009,02,경기,3,15
2009,01,서울,2,19
2009,01,전북,1,5
2009,01,제주,2,35
2009,01,대구,1,30
2009,01,대전,1,6
2009,01,울산,1,3
2009,01,경기,6,28
2008,12,서울,2,12
2008,12,충남,1,32
2008,12,전북,3,24
2008,12,전남,1,10
2008,12,경북,1,30
2008,12,제주,1,6
2008,12,부산,3,135
2008,12,대구,1,17
2008,12,인천,1,6
2008,12,대전,2,7
2008,12,울산,3,107
2008,12,경기,7,473
2008,11,서울,4,50
2008,11,충남,4,113
2008,11,전북,4,22
2008,11,전남,3,94
2008,11,부산,1,12
2008,11,대구,1,8
2008,11,인천,4,43
2008,11,광주,1,39
2008,11,대전,2,10
2008,11,경기,5,49
2008,10,서울,2,20
2008,10,강원,2,18
2008,10,충남,1,14
2008,10,전남,3,34
2008,10,경북,3,73
2008,10,경남,1,7
2008,10,제주,6,65
2008,10,부산,3,42
2008,10,인천,4,38
2008,10,광주,2,10
2008,10,대전,4,17
2008,10,경기,6,116
2008,09,서울,4,35
2008,09,강원,4,111
2008,09,충남,1,5
2008,09,전북,3,30
2008,09,전남,5,135
2008,09,경북,2,64
2008,09,경남,2,28
2008,09,제주,3,25
2008,09,부산,2,15
2008,09,대구,2,14
2008,09,인천,6,57
2008,09,광주,1,10
2008,09,대전,1,5
2008,09,울산,2,19
2008,09,경기,13,654
2008,08,서울,3,16
2008,08,강원,4,54
2008,08,충북,1,23
2008,08,충남,1,13
2008,08,전북,1,9
2008,08,전남,7,98
2008,08,경북,2,21
2008,08,부산,1,20
2008,08,대구,1,22
2008,08,인천,4,12
2008,08,대전,2,9
2008,08,울산,5,177
2008,08,경기,6,64
2008,07,서울,7,45
2008,07,강원,1,15
2008,07,전북,1,3
2008,07,전남,2,30
2008,07,경북,3,21
2008,07,경남,2,32
2008,07,제주,2,9
2008,07,대구,1,3
2008,07,인천,2,13
2008,07,광주,1,21
2008,07,경기,6,162
2008,06,서울,3,58
2008,06,강원,1,14
2008,06,충북,1,13
2008,06,충남,3,170
2008,06,전남,3,23
2008,06,경북,2,83
2008,06,제주,1,10
2008,06,부산,3,225
2008,06,대구,3,157
2008,06,인천,3,135
2008,06,대전,2,7
2008,06,울산,5,220
2008,06,경기,6,141
2008,05,서울,4,15
2008,05,강원,2,91
2008,05,전북,1,6
2008,05,전남,2,33
2008,05,경북,4,178
2008,05,부산,1,4
2008,05,인천,1,14
2008,05,광주,1,2
2008,05,대전,3,66
2008,05,경기,9,218
2008,04,서울,2,17
2008,04,강원,1,54
2008,04,충북,1,99
2008,04,충남,1,8
2008,04,경북,2,45
2008,04,제주,1,129
2008,04,부산,2,5
2008,04,대구,4,191
2008,04,인천,2,15
2008,04,광주,1,3
2008,04,대전,3,10
2008,04,울산,7,100
2008,04,경기,4,75
2008,03,서울,2,28
2008,03,강원,1,2
2008,03,충북,1,160
2008,03,충남,1,26
2008,03,전남,1,18
2008,03,경북,3,37
2008,03,부산,1,141
2008,03,대구,1,3
2008,03,인천,1,2
2008,03,대전,2,5
2008,03,울산,3,195
2008,03,경기,6,63
2008,02,서울,4,22
2008,02,전남,1,47
2008,02,경북,1,3
2008,02,대구,2,6
2008,02,광주,1,5
2008,02,대전,2,7
2008,02,울산,1,4
2008,02,경기,2,50
2008,01,서울,1,34
2008,01,전북,1,6
2008,01,전남,1,2
2008,01,경남,1,8
2008,01,대구,1,18
2008,01,인천,2,6
2008,01,울산,1,5
2008,01,경기,5,98
2007,12,서울,3,10
2007,12,전남,1,7
2007,12,경북,4,76
2007,12,인천,1,19
2007,12,광주,1,3
2007,12,대전,2,65
2007,12,울산,1,4
2007,12,경기,8,90
2007,11,서울,3,15
2007,11,강원,6,77
2007,11,충북,1,13
2007,11,충남,1,13
2007,11,전북,1,22
2007,11,전남,1,5
2007,11,경북,2,19
2007,11,경남,1,15
2007,11,제주,1,17
2007,11,대구,3,8
2007,11,인천,1,3
2007,11,대전,1,3
2007,11,울산,2,8
2007,11,경기,8,76
2007,10,서울,3,11
2007,10,강원,1,23
2007,10,전북,2,45
2007,10,전남,2,9
2007,10,경북,2,13
2007,10,경남,1,11
2007,10,부산,1,128
2007,10,대구,3,10
2007,10,인천,1,2
2007,10,대전,1,3
2007,10,울산,2,5
2007,10,경기,6,27
2007,09,서울,6,23
2007,09,강원,4,169
2007,09,전북,3,100
2007,09,전남,5,69
2007,09,경북,1,9
2007,09,제주,2,226
2007,09,부산,4,255
2007,09,대구,2,23
2007,09,인천,5,283
2007,09,광주,2,70
2007,09,대전,4,15
2007,09,울산,1,3
2007,09,경기,5,98
2007,08,서울,2,6
2007,08,강원,6,36
2007,08,충북,1,59
2007,08,충남,3,15
2007,08,전북,2,5
2007,08,전남,11,115
2007,08,경북,10,53
2007,08,경남,2,9
2007,08,제주,1,6
2007,08,부산,5,166
2007,08,대구,4,23
2007,08,인천,10,86
2007,08,광주,1,22
2007,08,대전,1,2
2007,08,울산,3,18
2007,08,경기,14,133
2007,07,서울,5,55
2007,07,충북,3,46
2007,07,충남,1,64
2007,07,전북,3,12
2007,07,전남,3,67
2007,07,경북,10,142
2007,07,경남,1,112
2007,07,제주,1,6
2007,07,부산,2,27
2007,07,인천,4,74
2007,07,대전,1,2
2007,07,울산,3,8
2007,07,경기,12,234
2007,06,서울,4,24
2007,06,강원,2,113
2007,06,충북,1,23
2007,06,충남,4,56
2007,06,전북,3,314
2007,06,전남,3,395
2007,06,경북,5,128
2007,06,경남,5,128
2007,06,부산,5,193
2007,06,대구,1,2
2007,06,인천,2,27
2007,06,대전,5,67
2007,06,울산,1,7
2007,06,경기,15,326
2007,05,서울,8,162
2007,05,강원,10,260
2007,05,충북,2,188
2007,05,충남,2,20
2007,05,전북,2,52
2007,05,전남,3,205
2007,05,경북,1,4
2007,05,경남,1,33
2007,05,부산,5,93
2007,05,대구,3,38
2007,05,인천,6,46
2007,05,광주,2,8
2007,05,대전,2,8
2007,05,울산,6,95
2007,05,경기,12,84
2007,04,서울,2,36
2007,04,강원,1,8
2007,04,충북,1,16
2007,04,충남,1,23
2007,04,전북,6,302
2007,04,전남,3,44
2007,04,경북,1,9
2007,04,경남,1,23
2007,04,제주,3,55
2007,04,부산,1,7
2007,04,인천,5,165
2007,04,대전,3,12
2007,04,울산,5,42
2007,04,경기,9,217
2007,03,서울,5,69
2007,03,강원,6,101
2007,03,충남,1,31
2007,03,전북,10,215
2007,03,전남,1,5
2007,03,부산,2,9
2007,03,대구,1,190
2007,03,인천,2,4
2007,03,광주,1,10
2007,03,대전,2,16
2007,03,울산,2,13
2007,03,경기,8,157
2007,02,서울,3,19
2007,02,강원,2,33
2007,02,전남,1,21
2007,02,경북,2,11
2007,02,경남,1,9
2007,02,제주,1,5
2007,02,부산,3,13
2007,02,인천,1,15
2007,02,대전,2,8
2007,02,울산,1,16
2007,02,경기,11,127
2007,01,서울,4,75
2007,01,강원,3,23
2007,01,전북,2,90
2007,01,전남,4,104
2007,01,경북,1,2
2007,01,대구,1,196
2007,01,인천,7,66
2007,01,광주,1,16
2007,01,대전,1,3
2007,01,경기,7,155
2006,12,서울,6,77
2006,12,강원,5,236
2006,12,충남,2,105
2006,12,전북,2,63
2006,12,전남,1,4
2006,12,경북,2,44
2006,12,경남,2,43
2006,12,제주,1,3
2006,12,인천,2,20
2006,12,광주,3,137
2006,12,울산,1,183
2006,12,경기,13,615
2006,11,서울,3,115
2006,11,강원,1,10
2006,11,충남,1,48
2006,11,경북,1,8
2006,11,인천,1,5
2006,11,경기,1,4
2006,10,서울,4,36
2006,10,충남,1,12
2006,10,전남,4,40
2006,10,경북,1,2
2006,10,제주,1,68
2006,10,대구,1,37
2006,10,경기,3,21
2006,09,서울,6,173
2006,09,강원,5,195
2006,09,충남,1,85
2006,09,전북,1,88
2006,09,전남,2,72
2006,09,경북,1,35
2006,09,부산,1,201
2006,09,대구,1,2
2006,09,인천,4,105
2006,09,광주,1,22
2006,09,대전,1,8
2006,09,경기,11,175
2006,08,서울,9,183
2006,08,강원,7,183
2006,08,전남,3,35
2006,08,경북,2,25
2006,08,경남,1,48
2006,08,제주,1,4
2006,08,대구,3,485
2006,08,인천,9,365
2006,08,광주,1,35
2006,08,대전,2,32
2006,08,경기,4,119
2006,07,서울,10,80
2006,07,강원,4,83
2006,07,전북,1,10
2006,07,경북,1,1
2006,07,제주,2,17
2006,07,대구,1,32
2006,07,인천,1,7
2006,07,광주,1,4
2006,07,대전,3,24
2006,07,울산,3,31
2006,07,경기,4,59
2006,06,서울,18,1488
2006,06,강원,2,227
2006,06,충남,1,47
2006,06,전남,1,104
2006,06,경북,2,39
2006,06,경남,1,32
2006,06,대구,2,27
2006,06,인천,15,1667
2006,06,대전,1,3
2006,06,울산,1,330
2006,06,경기,12,603
2006,05,서울,1,390
2006,05,충남,1,84
2006,05,부산,1,170
2006,05,울산,1,3
2006,05,경기,2,162
2006,04,서울,1,2
2006,04,전북,1,8
2006,04,부산,1,26
2006,04,인천,4,35
2006,04,대전,1,4
2006,03,충북,2,48
2006,03,충남,1,81
2006,03,전북,1,43
2006,03,대구,1,117
2006,03,인천,1,3
2006,03,대전,1,6
2006,03,경기,1,21
2006,02,서울,2,13
2006,02,인천,1,15
2006,02,울산,1,24
2006,01,서울,1,2
2006,01,전남,1,4
2006,01,경북,1,8
2006,01,제주,1,15
2006,01,인천,1,5
2006,01,경기,1,18
2005,12,서울,1,341
2005,12,대구,1,22
2005,12,인천,2,190
2005,12,대전,1,3
2005,12,울산,1,2
2005,11,서울,1,15
2005,11,충남,1,47
2005,11,경기,3,387
2005,10,서울,1,4
2005,10,전북,1,11
2005,10,전남,1,5
2005,10,인천,1,2
2005,10,울산,1,5
2005,10,경기,1,24
2005,09,서울,3,145
2005,09,강원,1,16
2005,09,충북,1,14
2005,09,충남,2,294
2005,09,전남,4,152
2005,09,대구,2,131
2005,09,인천,2,36
2005,08,서울,1,4
2005,08,강원,2,34
2005,08,전남,2,70
2005,08,경북,1,4
2005,08,제주,1,3
2005,08,대구,2,138
2005,08,인천,1,7
2005,08,광주,1,15
2005,08,경기,2,364
2005,07,서울,4,45
2005,07,강원,1,140
2005,07,전남,3,41
2005,07,경기,3,120
2005,06,서울,5,51
2005,06,강원,1,134
2005,06,충북,2,102
2005,06,전북,2,67
2005,06,전남,2,544
2005,06,부산,2,81
2005,06,대전,1,8
2005,06,울산,1,75
2005,05,서울,2,40
2005,05,전남,1,93
2005,05,경남,2,297
2005,05,제주,1,29
2005,05,부산,2,109
2005,05,인천,1,3
2005,05,대전,1,17
2005,05,경기,2,101
2005,04,서울,2,72
2005,04,충북,1,81
2005,04,충남,1,6
2005,04,전북,2,119
2005,04,대구,1,328
2005,04,인천,2,10
2005,04,광주,1,18
2005,04,대전,4,42
2005,04,경기,2,189
2005,03,서울,2,14
2005,03,경북,1,30
2005,02,제주,1,69
2005,02,광주,1,9
2005,01,서울,1,2
2005,01,강원,1,122
2005,01,경북,1,7
2005,01,경기,1,11
2004,12,충남,1,12
2004,12,전북,1,66
2004,12,전남,2,165
2004,12,경북,1,25
2004,12,부산,1,54
2004,12,울산,1,18
2004,12,경기,1,35
2004,11,충남,1,60
2004,11,전북,2,125
2004,11,전남,3,84
2004,11,제주,1,120
2004,11,경기,3,58
2004,10,서울,1,5
2004,10,충남,2,69
2004,10,전북,1,26
2004,10,제주,1,152
2004,10,대구,1,3
2004,10,대전,1,5
2004,10,경기,2,243
2004,09,서울,1,13
2004,09,강원,3,28
2004,09,충남,1,40
2004,09,전남,2,13
2004,09,경북,3,226
2004,09,제주,1,125
2004,09,대구,1,12
2004,09,광주,1,16
2004,09,대전,2,8
2004,09,울산,1,137
2004,09,경기,7,1214
2004,08,서울,2,25
2004,08,충남,1,8
2004,08,제주,1,9
2004,08,광주,2,99
2004,08,대전,1,45
2004,08,경기,2,186
2004,07,서울,2,16
2004,07,강원,1,36
2004,07,전북,1,11
2004,07,전남,2,28
2004,07,경북,3,214
2004,07,경기,3,190
2004,06,서울,5,728
2004,06,충북,3,360
2004,06,전남,2,11
2004,06,경북,1,34
2004,06,경남,4,232
2004,06,제주,3,85
2004,06,부산,1,60
2004,06,대전,2,91
2004,06,울산,3,385
2004,06,경기,12,640
2004,05,서울,5,164
2004,05,강원,1,82
2004,05,충북,2,181
2004,05,충남,2,74
2004,05,전북,1,96
2004,05,전남,1,9
2004,05,경북,2,103
2004,05,경남,3,637
2004,05,제주,1,73
2004,05,부산,4,161
2004,05,대구,3,419
2004,05,인천,1,25
2004,05,광주,3,186
2004,05,대전,2,63
2004,05,울산,1,18
2004,05,경기,3,387
2004,04,서울,2,195
2004,04,강원,1,11
2004,04,충남,2,91
2004,04,전남,3,83
2004,04,경북,2,104
2004,04,부산,1,208
2004,04,대전,2,7
2004,04,울산,1,43
2004,03,서울,1,41
2004,03,경북,1,34
2004,03,광주,1,37
2004,02,경북,1,37
2004,02,대구,1,15
2004,02,인천,1,6
2004,01,제주,1,4
2004,01,대구,1,117
2004,01,경기,1,27
2003,11,서울,2,176
2003,10,서울,2,25
2003,10,대구,2,63
2003,09,서울,7,233
2003,09,충북,1,2
2003,09,충남,1,27
2003,09,전북,2,73
2003,09,경남,2,365
2003,09,제주,2,110
2003,09,부산,1,10
2003,09,대구,3,22
2003,09,대전,4,30
2003,09,경기,5,79
2003,08,서울,1,7
2003,08,충남,2,30
2003,08,경북,1,16
2003,08,경남,5,182
2003,08,제주,4,44
2003,08,대전,2,8
2003,08,울산,1,18
2003,08,경기,1,59
2003,07,서울,2,46
2003,07,전남,2,33
2003,07,경북,1,9
2003,06,서울,3,177
2003,06,전북,2,428
2003,06,전남,1,75
2003,06,경북,2,92
2003,06,경남,1,117
2003,06,제주,1,22
2003,06,부산,3,304
2003,06,대구,2,73
2003,06,인천,1,31
2003,06,광주,1,17
2003,06,대전,2,165
2003,05,서울,3,297
2003,05,강원,1,8
2003,05,충북,1,205
2003,05,충남,2,47
2003,05,전북,3,234
2003,05,전남,3,51
2003,05,경남,5,165
2003,05,제주,1,28
2003,05,대구,2,177
2003,05,인천,1,37
2003,05,경기,3,667
2003,04,경북,1,35
2003,04,경남,1,5
2003,04,제주,1,18
2003,04,대구,1,38
2003,04,인천,1,48
2003,04,대전,1,3
2003,04,경기,1,61
2003,03,서울,14,1552
2003,03,충북,1,589
2003,03,충남,1,4
2003,03,경남,2,52
2003,03,인천,2,63
2003,03,광주,1,19
2003,03,대전,1,26
2003,03,울산,1,6
2003,03,경기,3,214
2003,01,부산,1,2
2003,01,경기,1,90
2002,12,경기,2,80
2002,11,강원,1,81
2002,11,경기,1,273
2002,10,충북,1,36
2002,10,전남,1,21
2002,10,경남,1,23
2002,10,대전,1,17
2002,09,충남,1,28
2002,09,경북,1,108
2002,09,경남,6,119
2002,09,울산,1,6
2002,09,경기,1,15
2002,08,충남,3,57
2002,08,전북,1,27
2002,08,경북,1,10
2002,08,경남,2,17
2002,08,제주,1,17
2002,08,부산,1,14
2002,08,대구,1,14
2002,08,경기,3,56
2002,07,서울,1,17
2002,07,경남,1,13
2002,07,인천,1,245
2002,07,경기,2,74
2002,06,서울,3,49
2002,06,강원,1,113
2002,06,경남,2,27
2002,06,광주,1,8
2002,06,경기,1,34
2002,05,서울,1,13
2002,05,강원,2,97
2002,05,제주,1,11
2002,05,대구,2,97
2002,05,대전,2,53
2002,05,울산,1,9
2002,05,경기,1,18
2002,04,서울,3,36
2002,04,강원,3,236
2002,04,전남,3,68
2002,04,경북,1,74
2002,04,경남,1,18
2002,04,경기,1,22
2002,03,서울,2,99
2002,03,강원,1,22
2002,03,충북,1,25
2002,03,경남,1,19
2002,03,부산,1,19
2002,02,경남,1,42
2002,02,광주,1,137
2002,01,강원,2,57
2002,01,전북,1,194
2002,01,경북,1,15
